Order-Id,Item-id,Product-Id,Quantity,Sales-Id,Customer-Id,Sales-Price-Per-Prod,Market-Segment
0,0,17,13,4,8,199,education
1,1,18,10,9,14,85,education
2,2,10,18,1,17,109,education
3,3,6,4,3,28,53,retail
4,4,10,5,3,16,124,financial
5,5,1,28,3,26,219,pharmaceutical
6,6,0,26,3,7,120,realestate
7,7,3,14,6,7,170,education
8,8,8,18,2,11,126,software
9,9,11,18,0,19,130,pharmaceutical
10,10,14,17,0,16,187,realestate
11,11,17,27,9,3,199,pharmaceutical
12,12,13,7,6,15,134,financial
13,13,11,18,8,1,96,realestate
14,14,5,5,0,20,121,software
15,15,10,20,5,8,159,software
16,16,3,14,1,27,172,retail
17,17,5,27,8,12,113,pharmaceutical
18,18,16,21,0,24,149,software
19,19,13,21,0,3,106,financial
20,20,12,5,9,26,88,financial
21,21,5,20,9,15,120,pharmaceutical
22,22,9,24,1,1,43,education
23,23,17,9,3,22,202,pharmaceutical
24,24,10,19,9,2,126,education
25,25,12,20,8,12,85,retail
26,26,8,29,7,16,177,pharmaceutical
27,27,10,3,6,23,90,pharmaceutical
28,28,17,23,3,28,194,software
29,29,7,1,1,9,156,education
30,30,16,16,1,2,151,financial
31,31,14,18,9,26,198,financial
32,32,7,15,2,24,131,software
33,33,9,20,4,29,105,financial
34,34,11,0,8,17,93,pharmaceutical
35,35,14,26,4,8,195,realestate
36,36,18,26,7,0,88,software
37,37,5,10,1,19,111,financial
38,38,15,3,9,28,208,pharmaceutical
39,39,16,20,6,29,156,education
40,40,5,6,1,16,124,pharmaceutical
41,41,7,29,3,28,124,realestate
42,42,15,22,1,4,181,education
43,43,8,6,7,2,203,financial
44,44,12,4,6,14,82,realestate
45,45,8,27,2,19,200,education
46,46,1,1,6,14,161,realestate
47,47,2,11,8,7,217,financial
48,48,13,10,8,10,94,software
49,49,16,1,0,6,150,software
50,50,9,21,0,21,52,realestate
51,51,11,15,0,3,120,pharmaceutical
52,52,1,25,5,6,191,financial
53,53,9,13,3,5,101,education
54,54,6,15,3,14,63,realestate
55,55,5,9,1,3,102,realestate
56,56,19,22,1,18,118,pharmaceutical
57,57,15,8,2,7,196,realestate
58,58,18,5,5,12,94,realestate
59,59,9,20,1,29,80,pharmaceutical
60,60,5,26,9,4,129,pharmaceutical
61,61,7,24,9,5,159,education
62,62,7,22,3,25,158,education
63,63,4,3,0,23,146,financial
64,64,6,6,0,10,48,pharmaceutical
65,65,1,24,9,19,174,pharmaceutical
66,66,6,10,9,2,43,education
67,67,14,12,6,4,188,retail
68,68,16,27,7,1,151,retail
69,69,13,24,3,14,129,realestate
70,70,7,24,7,12,119,software
71,71,7,19,6,7,142,education
72,72,3,1,8,4,175,realestate
73,73,3,25,1,21,205,pharmaceutical
74,74,11,26,6,14,95,retail
75,75,16,3,1,6,162,retail
76,76,2,0,1,5,210,realestate
77,77,2,22,6,21,203,financial
78,78,11,28,2,16,140,software
79,79,2,8,7,28,202,retail
80,80,10,29,7,13,105,education
81,81,15,25,8,15,191,retail
82,82,10,6,8,3,91,pharmaceutical
83,83,10,1,3,21,107,education
84,84,5,20,1,29,136,software
85,85,3,8,7,27,216,pharmaceutical
86,86,10,14,2,16,158,realestate
87,87,17,2,9,19,194,retail
88,88,13,11,0,25,88,software
89,89,16,5,2,23,146,software
90,90,3,10,4,21,166,realestate
91,91,3,2,9,12,206,pharmaceutical
92,92,19,4,4,23,103,retail
93,93,1,0,2,10,169,realestate
94,94,17,0,8,7,190,realestate
95,95,15,18,4,3,203,education
96,96,10,18,5,5,109,realestate
97,97,12,4,0,19,84,financial
98,98,17,18,8,26,195,software
99,99,18,0,3,12,75,retail
100,100,12,16,4,18,107,retail
101,101,9,6,6,3,44,pharmaceutical
102,102,0,8,5,5,123,software
103,103,12,6,1,15,107,financial
104,104,5,6,7,19,138,retail
105,105,9,2,8,26,55,financial
106,106,16,29,3,17,150,education
107,107,17,24,5,11,186,realestate
108,108,7,22,5,2,126,software
109,109,2,16,0,3,218,software
110,110,19,11,7,5,110,education
111,111,1,27,7,29,226,financial
112,112,15,6,2,12,193,software
113,113,18,14,4,15,80,software
114,114,17,15,7,19,200,software
115,115,8,18,5,21,125,education
116,116,14,17,5,18,185,education
117,117,19,18,9,11,80,retail
118,118,13,3,3,1,118,pharmaceutical
119,119,17,18,1,19,205,retail
120,120,3,4,6,0,180,pharmaceutical
121,121,8,29,0,28,177,education
122,122,17,23,1,0,201,pharmaceutical
123,123,8,7,3,13,173,software
124,124,17,16,4,21,194,education
125,125,11,27,0,27,102,education
126,126,0,13,4,9,121,software
127,127,0,29,5,3,121,education
128,128,4,26,2,28,144,financial
129,129,12,14,7,22,108,retail
130,130,13,3,5,23,87,software
131,131,18,2,1,13,59,software
132,132,18,20,8,21,86,realestate
133,133,6,0,2,27,72,pharmaceutical
134,134,2,23,9,5,210,pharmaceutical
135,135,9,19,3,21,98,realestate
136,136,1,1,8,14,182,financial
137,137,1,10,6,15,193,software
138,138,10,2,2,3,88,realestate
139,139,11,4,9,18,108,software
140,140,7,24,8,29,124,software
141,141,7,24,3,18,125,education
142,142,13,14,0,14,88,financial
143,143,0,16,8,4,119,education
144,144,11,16,2,22,116,pharmaceutical
145,145,0,8,8,29,122,education
146,146,18,10,2,11,74,financial
147,147,19,1,7,11,86,retail
148,148,6,17,3,7,54,retail
149,149,5,4,9,26,99,realestate
150,150,7,4,4,0,125,pharmaceutical
151,151,2,1,7,10,199,financial
152,152,2,6,8,10,200,financial
153,153,2,18,0,15,205,education
154,154,14,12,7,27,197,pharmaceutical
155,155,1,21,3,19,218,pharmaceutical
156,156,0,17,6,8,120,education
157,157,8,6,5,24,150,realestate
158,158,6,6,5,4,80,software
159,159,10,22,3,13,127,retail
160,160,7,17,6,24,146,financial
161,161,2,12,4,29,199,education
162,162,14,10,2,26,189,retail
163,163,14,10,3,24,195,pharmaceutical
164,164,2,0,9,21,218,retail
165,165,7,4,2,13,162,realestate
166,166,17,12,5,27,202,pharmaceutical
167,167,3,11,0,1,211,software
168,168,15,1,3,9,192,retail
169,169,5,23,9,26,104,financial
170,170,7,6,2,0,127,software
171,171,11,19,2,6,121,software
172,172,2,10,9,9,213,software
173,173,17,15,3,18,198,financial
174,174,5,17,8,11,113,pharmaceutical
175,175,7,11,4,10,134,education
176,176,6,23,4,13,38,realestate
177,177,7,7,4,22,157,retail
178,178,19,25,3,23,114,education
179,179,1,1,0,4,161,retail
180,180,7,29,3,5,134,financial
181,181,14,12,0,27,179,realestate
182,182,13,24,1,1,89,financial
183,183,19,23,9,19,90,realestate
184,184,0,2,9,2,122,pharmaceutical
185,185,9,1,2,13,63,realestate
186,186,10,21,6,28,91,retail
187,187,0,3,3,6,121,pharmaceutical
188,188,0,15,4,4,120,education
189,189,13,29,6,15,94,software
190,190,9,15,9,26,46,education
191,191,6,24,4,26,39,pharmaceutical
192,192,4,23,6,26,168,financial
193,193,18,24,5,10,73,software
194,194,3,12,6,24,207,pharmaceutical
195,195,10,27,6,8,133,education
196,196,0,20,0,22,123,pharmaceutical
197,197,5,16,2,27,97,realestate
198,198,18,3,2,0,94,financial
199,199,1,12,5,22,204,education
200,200,7,2,9,23,132,realestate
201,201,11,4,9,9,123,retail
202,202,17,8,7,15,188,pharmaceutical
203,203,19,1,1,20,104,financial
204,204,0,3,4,18,123,financial
205,205,17,19,9,11,189,realestate
206,206,3,28,9,14,184,pharmaceutical
207,207,17,22,8,26,203,pharmaceutical
208,208,17,29,5,26,204,retail
209,209,5,20,2,16,131,financial
210,210,6,29,1,14,63,pharmaceutical
211,211,16,10,2,27,156,financial
212,212,7,4,8,16,125,software
213,213,17,23,4,6,204,realestate
214,214,13,3,8,11,108,education
215,215,1,1,0,22,193,retail
216,216,0,11,0,14,122,pharmaceutical
217,217,4,22,8,29,144,retail
218,218,2,9,9,2,206,education
219,219,18,27,6,23,65,realestate
220,220,9,18,4,16,60,financial
221,221,4,22,1,10,140,software
222,222,12,18,6,20,94,retail
223,223,19,0,9,19,84,realestate
224,224,6,7,0,5,63,realestate
225,225,11,7,9,2,109,education
226,226,1,18,3,3,235,software
227,227,6,2,1,22,77,software
228,228,0,9,3,2,122,financial
229,229,18,2,7,26,96,pharmaceutical
230,230,15,9,8,18,189,software
231,231,4,15,3,12,141,pharmaceutical
232,232,6,4,7,21,39,software
233,233,16,20,2,29,151,education
234,234,0,29,3,10,122,retail
235,235,4,10,0,11,165,education
236,236,1,12,5,7,226,retail
237,237,10,20,2,7,135,financial
238,238,12,8,6,28,88,software
239,239,6,24,3,29,78,software
240,240,15,3,8,10,212,realestate
241,241,19,23,7,21,99,education
242,242,8,4,8,26,188,software
243,243,10,19,4,17,151,realestate
244,244,15,17,6,14,202,software
245,245,11,8,5,14,136,pharmaceutical
246,246,1,8,1,3,218,retail
247,247,16,29,5,1,152,education
248,248,15,17,5,24,191,realestate
249,249,16,11,0,8,162,financial
250,250,2,14,6,6,201,financial
251,251,19,16,7,29,73,financial
252,252,14,12,9,14,193,education
253,253,7,22,4,17,154,education
254,254,15,19,3,10,181,financial
255,255,14,26,3,7,186,software
256,256,9,8,2,22,99,retail
257,257,14,24,5,0,196,realestate
258,258,15,13,4,1,215,software
259,259,2,25,8,20,205,education
260,260,13,7,6,17,100,financial
261,261,8,9,0,0,123,realestate
262,262,2,20,2,26,207,financial
263,263,19,17,0,9,85,realestate
264,264,0,25,4,4,123,realestate
265,265,0,29,2,18,121,retail
266,266,10,6,0,0,143,realestate
267,267,6,12,4,21,77,realestate
268,268,13,21,7,22,127,retail
269,269,0,16,1,0,119,education
270,270,11,4,0,18,119,software
271,271,16,25,8,19,161,financial
272,272,9,10,3,22,65,education
273,273,5,27,2,5,120,pharmaceutical
274,274,8,26,3,21,187,realestate
275,275,10,17,1,7,95,realestate
276,276,19,24,3,13,98,education
277,277,6,14,6,27,40,pharmaceutical
278,278,16,2,1,12,154,realestate
279,279,11,5,2,20,131,pharmaceutical
280,280,15,8,3,3,191,retail
281,281,9,3,0,15,77,education
282,282,2,9,0,20,214,retail
283,283,12,6,6,6,103,realestate
284,284,13,16,9,1,94,retail
285,285,6,28,4,16,80,retail
286,286,3,14,2,25,206,retail
287,287,6,23,0,0,54,education
288,288,6,24,5,12,39,software
289,289,12,27,5,4,95,education
290,290,10,20,3,10,116,realestate
291,291,14,18,3,19,182,realestate
292,292,1,24,9,22,166,retail
293,293,11,7,4,23,118,education
294,294,10,25,5,4,155,education
295,295,16,29,2,24,150,realestate
296,296,19,29,4,18,107,financial
297,297,7,11,9,21,164,financial
298,298,16,6,6,10,150,financial
299,299,10,0,0,22,105,financial
300,300,3,0,2,12,187,pharmaceutical
301,301,3,20,9,25,196,software
302,302,4,24,3,26,160,retail
303,303,8,1,6,0,189,retail
304,304,14,14,8,28,189,pharmaceutical
305,305,18,14,5,13,53,realestate
306,306,3,11,1,4,200,realestate
307,307,7,3,5,7,157,retail
308,308,7,20,8,7,134,software
309,309,16,29,5,28,154,retail
310,310,10,11,0,5,95,financial
311,311,3,3,9,20,166,realestate
312,312,4,9,7,25,179,pharmaceutical
313,313,18,16,4,1,80,financial
314,314,13,20,5,28,107,financial
315,315,19,5,0,29,113,software
316,316,1,27,4,19,216,software
317,317,15,28,7,29,201,retail
318,318,2,5,4,11,209,retail
319,319,0,19,8,18,122,financial
320,320,16,3,8,1,147,realestate
321,321,2,28,6,23,215,realestate
322,322,6,22,8,25,49,realestate
323,323,15,26,5,12,198,realestate
324,324,10,25,1,15,157,pharmaceutical
325,325,1,18,8,20,207,software
326,326,16,22,7,28,151,education
327,327,7,14,8,23,120,realestate
328,328,6,0,8,17,44,retail
329,329,16,16,7,29,159,education
330,330,9,20,4,9,70,software
331,331,18,14,0,9,62,financial
332,332,5,20,8,1,103,software
333,333,12,22,5,28,107,pharmaceutical
334,334,3,28,1,2,172,realestate
335,335,4,10,6,0,153,pharmaceutical
336,336,6,4,2,8,41,retail
337,337,15,8,9,14,190,realestate
338,338,8,14,1,14,156,pharmaceutical
339,339,19,6,6,26,93,realestate
340,340,15,15,7,4,188,realestate
341,341,0,0,3,27,119,software
342,342,3,13,7,22,214,education
343,343,11,27,7,2,101,retail
344,344,1,27,7,4,198,education
345,345,4,28,0,14,131,realestate
346,346,0,26,8,1,121,retail
347,347,5,11,4,27,112,retail
348,348,13,29,2,23,100,pharmaceutical
349,349,12,13,4,27,102,software
350,350,10,6,6,1,147,realestate
351,351,15,22,7,11,197,financial
352,352,4,24,4,0,159,pharmaceutical
353,353,7,15,7,16,154,pharmaceutical
354,354,11,12,4,29,127,retail
355,355,7,21,1,1,165,pharmaceutical
356,356,18,28,1,13,73,software
357,357,16,3,7,5,152,realestate
358,358,2,19,9,18,210,education
359,359,13,24,0,2,146,software
360,360,18,29,5,16,95,realestate
361,361,5,16,4,1,97,education
362,362,15,17,4,12,213,software
363,363,3,1,3,14,206,software
364,364,1,29,0,12,210,retail
365,365,6,24,6,5,61,retail
366,366,12,17,3,23,90,education
367,367,0,14,4,7,119,software
368,368,6,20,1,15,42,financial
369,369,16,21,4,26,154,pharmaceutical
370,370,17,9,7,11,203,realestate
371,371,17,15,7,29,203,software
372,372,15,29,6,6,213,education
373,373,7,2,8,7,157,education
374,374,12,10,3,23,92,software
375,375,4,28,3,19,152,education
376,376,2,27,6,21,202,retail
377,377,16,2,3,15,146,software
378,378,7,27,6,17,153,pharmaceutical
379,379,15,12,2,22,178,realestate
380,380,6,20,8,13,78,financial
381,381,16,12,1,14,158,financial
382,382,18,3,3,20,60,education
383,383,0,17,0,24,119,retail
384,384,5,24,4,29,120,retail
385,385,14,16,8,8,181,software
386,386,8,13,1,28,157,financial
387,387,3,2,2,27,209,pharmaceutical
388,388,3,6,3,14,171,software
389,389,11,15,0,23,128,retail
390,390,5,16,4,16,127,retail
391,391,1,2,8,28,165,education
392,392,17,14,7,10,201,realestate
393,393,4,4,7,15,187,education
394,394,11,16,0,6,130,education
395,395,10,20,3,3,155,pharmaceutical
396,396,5,21,0,18,127,software
397,397,13,11,9,2,125,financial
398,398,3,20,7,8,197,software
399,399,19,25,0,18,90,realestate
400,400,13,7,1,8,116,software
401,401,1,19,0,23,204,realestate
402,402,16,10,2,7,156,realestate
403,403,13,16,9,2,105,financial
404,404,10,11,6,25,101,pharmaceutical
405,405,15,25,7,15,205,pharmaceutical
406,406,3,14,8,4,175,pharmaceutical
407,407,13,28,9,29,123,software
408,408,16,1,7,26,150,pharmaceutical
409,409,3,18,1,25,179,realestate
410,410,17,2,7,8,205,software
411,411,15,16,6,27,204,education
412,412,1,9,6,25,232,pharmaceutical
413,413,16,0,6,28,154,software
414,414,18,28,0,26,93,software
415,415,15,14,0,23,209,retail
416,416,3,3,8,19,172,pharmaceutical
417,417,6,18,4,18,60,retail
418,418,17,2,1,7,187,realestate
419,419,16,22,2,7,159,software
420,420,6,26,1,18,54,education
421,421,6,24,6,27,82,retail
422,422,14,25,1,8,179,realestate
423,423,4,28,5,13,173,realestate
424,424,3,28,3,13,198,financial
425,425,5,8,5,6,118,realestate
426,426,17,20,8,14,187,retail
427,427,9,22,6,6,59,realestate
428,428,3,21,0,17,196,realestate
429,429,14,20,5,27,191,pharmaceutical
430,430,5,21,4,11,92,realestate
431,431,10,6,3,19,144,realestate
432,432,0,2,6,23,119,realestate
433,433,2,11,6,1,201,software
434,434,1,6,6,10,235,realestate
435,435,14,14,8,6,182,software
436,436,2,28,5,1,201,realestate
437,437,14,1,8,17,196,retail
438,438,2,17,3,0,212,realestate
439,439,2,27,9,1,202,education
440,440,14,5,4,10,198,education
441,441,8,12,9,19,169,retail
442,442,7,20,1,14,133,retail
443,443,11,12,7,21,93,financial
444,444,8,22,4,25,122,retail
445,445,2,6,0,18,204,realestate
446,446,14,24,7,16,181,pharmaceutical
447,447,15,12,5,24,195,pharmaceutical
448,448,3,26,1,10,182,pharmaceutical
449,449,0,27,7,27,122,pharmaceutical
450,450,0,18,6,2,119,realestate
451,451,16,13,7,3,148,software
452,452,7,21,5,6,158,financial
453,453,2,19,0,2,216,financial
454,454,4,10,7,1,146,education
455,455,18,16,8,27,65,software
456,456,18,12,8,29,67,retail
457,457,14,8,0,28,199,financial
458,458,16,3,8,21,148,software
459,459,14,5,0,6,187,pharmaceutical
460,460,8,28,5,1,150,realestate
461,461,12,2,1,22,91,realestate
462,462,1,25,1,17,218,realestate
463,463,12,21,8,6,92,software
464,464,14,19,7,0,180,realestate
465,465,10,0,0,9,92,financial
466,466,14,26,9,7,180,realestate
467,467,18,20,4,22,93,realestate
468,468,6,0,9,22,55,retail
469,469,16,27,0,29,148,education
470,470,0,29,9,13,120,pharmaceutical
471,471,5,1,7,0,107,financial
472,472,16,14,0,2,153,realestate
473,473,18,3,5,13,96,software
474,474,1,26,7,17,191,software
475,475,5,23,8,23,122,financial
476,476,8,29,3,3,136,pharmaceutical
477,477,8,20,3,16,148,retail
478,478,18,8,9,20,57,software
479,479,4,26,6,28,181,education
480,480,16,9,9,25,151,retail
481,481,4,21,3,20,194,pharmaceutical
482,482,3,4,0,11,217,realestate
483,483,12,20,0,19,105,software
484,484,14,0,7,20,193,retail
485,485,18,23,4,7,80,financial
486,486,11,15,7,22,125,education
487,487,14,0,5,23,194,financial
488,488,13,22,7,19,95,software
489,489,17,11,9,11,191,education
490,490,1,22,2,2,199,education
491,491,7,8,7,14,157,retail
492,492,12,10,9,22,78,realestate
493,493,7,2,4,22,123,realestate
494,494,19,13,2,19,89,financial
495,495,18,26,4,18,58,pharmaceutical
496,496,3,19,9,28,179,education
497,497,6,22,5,10,64,retail
498,498,12,5,3,25,110,software
499,499,12,20,2,14,101,financial
500,500,1,3,9,0,174,software
501,501,11,9,4,20,121,education
502,502,1,24,9,22,206,financial
503,503,0,10,8,6,122,realestate
504,504,19,25,4,9,74,realestate
505,505,8,23,2,0,186,software
506,506,2,17,2,6,211,retail
507,507,19,29,9,23,85,financial
508,508,5,5,5,15,138,realestate
509,509,5,13,7,16,120,education
510,510,19,10,9,27,89,software
511,511,19,28,5,9,119,software
512,512,7,29,9,27,158,financial
513,513,9,21,6,9,87,software
514,514,11,20,3,11,122,education
515,515,5,10,2,28,103,software
516,516,15,12,5,27,208,retail
517,517,10,19,5,12,149,software
518,518,11,4,0,28,93,pharmaceutical
519,519,0,2,4,11,122,realestate
520,520,13,25,2,16,111,retail
521,521,4,5,8,23,154,retail
522,522,11,11,9,11,117,realestate
523,523,2,5,3,11,199,pharmaceutical
524,524,3,9,6,12,212,software
525,525,11,26,2,11,113,realestate
526,526,7,15,6,17,141,education
527,527,3,29,2,3,200,retail
528,528,12,14,9,28,102,software
529,529,6,29,7,26,62,retail
530,530,10,28,0,14,102,education
531,531,8,16,9,29,207,pharmaceutical
532,532,12,8,3,29,78,education
533,533,9,13,3,2,83,financial
534,534,1,14,6,12,190,pharmaceutical
535,535,3,23,7,17,197,financial
536,536,15,24,6,0,201,realestate
537,537,19,6,8,2,117,software
538,538,19,14,0,20,80,retail
539,539,19,28,0,28,75,software
540,540,7,3,2,21,163,education
541,541,18,25,5,18,55,realestate
542,542,7,15,6,21,161,realestate
543,543,16,26,0,23,161,financial
544,544,15,27,6,11,208,realestate
545,545,16,21,0,1,150,financial
546,546,3,23,5,2,200,realestate
547,547,13,20,7,26,138,realestate
548,548,10,1,8,11,91,financial
549,549,2,2,9,2,215,financial
550,550,12,3,8,25,94,realestate
551,551,13,5,4,13,98,financial
552,552,8,16,9,15,132,software
553,553,4,6,7,29,190,education
554,554,8,5,5,3,115,financial
555,555,13,24,9,13,99,financial
556,556,5,26,4,11,122,realestate
557,557,13,16,6,23,103,realestate
558,558,9,14,6,24,46,realestate
559,559,8,8,1,4,201,pharmaceutical
560,560,0,28,1,5,122,financial
561,561,10,15,6,11,145,pharmaceutical
562,562,18,2,9,9,97,retail
563,563,6,23,3,12,50,software
564,564,11,29,7,19,137,pharmaceutical
565,565,17,13,4,1,195,software
566,566,12,10,3,5,78,retail
567,567,19,20,4,11,95,financial
568,568,6,21,3,0,75,financial
569,569,19,17,0,7,76,financial
570,570,7,14,0,18,148,retail
571,571,11,23,8,23,123,education
572,572,2,27,4,29,216,realestate
573,573,10,7,4,12,122,financial
574,574,12,15,1,10,81,software
575,575,18,27,6,23,55,software
576,576,8,27,0,2,130,software
577,577,18,3,5,15,72,financial
578,578,16,14,7,15,156,software
579,579,14,27,3,0,181,realestate
580,580,2,27,1,8,214,retail
581,581,15,20,1,23,211,financial
582,582,18,23,2,29,94,retail
583,583,13,25,3,17,117,realestate
584,584,14,19,4,8,199,software
585,585,0,15,1,1,123,realestate
586,586,5,28,4,18,121,software
587,587,6,3,6,27,73,pharmaceutical
588,588,6,1,4,17,50,financial
589,589,8,27,2,18,158,software
590,590,9,22,7,16,56,realestate
591,591,9,26,3,7,93,financial
592,592,4,10,2,17,186,pharmaceutical
593,593,14,24,0,6,184,pharmaceutical
594,594,9,8,4,28,76,education
595,595,6,17,5,3,39,financial
596,596,15,1,4,8,218,financial
597,597,19,17,4,9,93,retail
598,598,11,3,9,7,129,pharmaceutical
599,599,19,21,3,6,91,pharmaceutical
600,600,19,1,4,19,106,realestate
601,601,15,16,3,21,191,pharmaceutical
602,602,7,6,2,5,139,retail
603,603,1,14,4,4,186,pharmaceutical
604,604,1,25,0,1,161,pharmaceutical
605,605,17,6,3,0,201,pharmaceutical
606,606,1,3,0,0,208,retail
607,607,14,7,1,29,193,realestate
608,608,11,13,9,21,93,pharmaceutical
609,609,9,20,1,11,87,education
610,610,6,20,7,8,82,pharmaceutical
611,611,6,2,1,24,52,realestate
612,612,9,12,8,0,52,education
613,613,4,23,3,19,160,retail
614,614,2,20,3,0,200,financial
615,615,19,20,3,22,91,retail
616,616,2,0,1,16,212,financial
617,617,7,6,0,19,135,retail
618,618,17,29,6,22,184,realestate
619,619,0,15,2,20,120,realestate
620,620,5,14,2,14,116,retail
621,621,0,23,1,10,122,retail
622,622,8,2,0,13,112,retail
623,623,0,23,6,8,123,retail
624,624,15,1,3,5,178,realestate
625,625,5,5,5,27,103,education
626,626,11,3,1,1,119,education
627,627,16,29,0,23,146,financial
628,628,10,10,2,23,158,education
629,629,8,27,0,22,131,financial
630,630,13,11,0,27,135,education
631,631,12,4,9,3,99,realestate
632,632,19,1,4,3,118,software
633,633,17,11,3,23,183,realestate
634,634,19,1,7,7,82,realestate
635,635,19,18,7,18,110,software
636,636,14,16,7,23,191,financial
637,637,11,22,5,8,98,software
638,638,10,5,6,15,100,education
639,639,7,24,8,9,160,realestate
640,640,16,10,7,29,162,education
641,641,9,8,6,4,65,education
642,642,16,17,7,5,159,education
643,643,7,4,8,14,150,education
644,644,17,8,1,14,185,software
645,645,18,24,2,6,86,education
646,646,15,15,1,29,218,education
647,647,16,20,4,4,151,pharmaceutical
648,648,8,20,7,11,163,software
649,649,4,27,5,26,145,software
650,650,2,9,1,26,215,education
651,651,18,2,3,16,80,software
652,652,0,13,2,18,122,financial
653,653,17,2,5,6,193,financial
654,654,12,0,0,25,88,software
655,655,12,1,5,14,95,pharmaceutical
656,656,17,5,6,17,202,financial
657,657,4,28,3,17,195,software
658,658,15,8,2,7,179,pharmaceutical
659,659,0,4,8,3,122,education
660,660,1,18,1,10,225,software
661,661,15,25,7,12,191,software
662,662,1,21,1,2,235,education
663,663,10,29,1,28,89,pharmaceutical
664,664,4,13,1,16,151,education
665,665,3,23,6,11,215,realestate
666,666,11,25,9,12,111,retail
667,667,16,18,9,0,154,software
668,668,0,29,5,15,119,retail
669,669,1,2,8,15,183,education
670,670,7,8,2,13,139,retail
671,671,6,16,7,28,76,software
672,672,13,21,4,13,130,education
673,673,12,15,0,20,102,pharmaceutical
674,674,15,15,5,15,208,pharmaceutical
675,675,19,5,8,11,101,realestate
676,676,16,7,0,0,149,pharmaceutical
677,677,7,17,5,3,148,education
678,678,1,0,3,7,231,realestate
679,679,19,3,2,19,81,education
680,680,12,4,9,2,97,financial
681,681,16,1,8,29,156,financial
682,682,1,25,2,1,180,software
683,683,18,5,7,2,91,software
684,684,9,26,1,12,79,realestate
685,685,4,4,7,18,145,realestate
686,686,19,17,0,22,103,education
687,687,7,8,1,29,122,realestate
688,688,7,7,0,14,167,realestate
689,689,7,6,4,11,141,realestate
690,690,2,7,9,12,212,education
691,691,2,29,2,17,203,financial
692,692,19,14,8,12,77,education
693,693,4,23,2,10,168,financial
694,694,13,0,7,24,126,software
695,695,0,6,9,20,123,pharmaceutical
696,696,13,20,6,12,129,pharmaceutical
697,697,6,25,8,0,77,software
698,698,6,1,5,27,74,financial
699,699,19,0,0,2,79,education
700,700,10,26,0,5,89,retail
701,701,14,19,0,15,187,realestate
702,702,5,4,1,28,136,retail
703,703,2,25,6,10,204,realestate
704,704,0,12,2,8,120,education
705,705,12,2,1,10,109,realestate
706,706,19,7,7,11,85,financial
707,707,16,22,8,8,159,pharmaceutical
708,708,0,1,0,25,121,financial
709,709,1,24,3,0,183,education
710,710,16,4,9,9,150,pharmaceutical
711,711,1,26,3,6,190,pharmaceutical
712,712,0,18,7,21,123,financial
713,713,15,2,1,10,217,realestate
714,714,5,18,3,7,109,pharmaceutical
715,715,11,8,2,7,92,education
716,716,6,29,9,27,78,financial
717,717,4,8,4,8,149,software
718,718,8,11,8,28,201,retail
719,719,9,20,8,3,73,education
720,720,1,26,8,28,229,realestate
721,721,17,7,7,17,183,pharmaceutical
722,722,7,27,7,25,163,retail
723,723,6,4,6,20,60,pharmaceutical
724,724,10,28,5,6,158,pharmaceutical
725,725,8,6,3,2,138,education
726,726,16,26,7,4,157,pharmaceutical
727,727,2,18,9,27,209,pharmaceutical
728,728,3,13,8,14,172,pharmaceutical
729,729,5,22,5,28,132,realestate
730,730,13,1,2,20,100,retail
731,731,2,3,1,7,215,pharmaceutical
732,732,5,7,6,0,135,education
733,733,14,24,8,28,183,retail
734,734,14,21,0,24,180,software
735,735,0,19,9,29,122,education
736,736,1,20,3,23,163,financial
737,737,6,11,9,22,54,education
738,738,11,3,8,29,117,software
739,739,4,0,3,1,172,software
740,740,2,7,1,14,214,pharmaceutical
741,741,15,25,6,1,183,retail
742,742,8,11,5,24,117,financial
743,743,5,23,9,25,122,software
744,744,1,20,0,29,177,education
745,745,12,28,6,25,104,education
746,746,12,11,0,16,94,realestate
747,747,4,7,4,17,192,retail
748,748,1,16,0,11,202,education
749,749,2,15,3,20,215,education
750,750,7,12,1,6,167,retail
751,751,15,0,8,22,193,retail
752,752,17,6,4,6,187,pharmaceutical
753,753,0,19,6,24,121,retail
754,754,7,20,0,20,138,education
755,755,0,16,8,7,121,realestate
756,756,1,7,2,2,209,financial
757,757,18,28,3,16,99,retail
758,758,11,12,2,11,100,pharmaceutical
759,759,17,13,1,5,191,pharmaceutical
760,760,9,4,1,13,50,retail
761,761,18,1,9,29,94,retail
762,762,11,10,2,5,107,realestate
763,763,12,17,1,20,107,pharmaceutical
764,764,18,17,9,26,99,software
765,765,10,29,8,24,157,realestate
766,766,16,29,9,13,161,realestate
767,767,19,5,8,9,103,realestate
768,768,19,1,3,19,81,pharmaceutical
769,769,6,14,8,20,80,pharmaceutical
770,770,16,3,8,7,151,financial
771,771,13,27,9,29,90,education
772,772,10,5,5,13,157,education
773,773,14,25,0,0,186,retail
774,774,9,0,2,10,104,pharmaceutical
775,775,0,12,8,4,123,pharmaceutical
776,776,17,13,6,17,196,realestate
777,777,9,0,1,28,95,realestate
778,778,11,19,3,23,112,education
779,779,15,15,4,5,199,financial
780,780,7,3,7,17,132,retail
781,781,12,12,9,12,103,pharmaceutical
782,782,8,0,8,13,164,education
783,783,13,26,3,8,96,financial
784,784,17,0,9,17,191,education
785,785,10,18,2,25,110,software
786,786,6,27,8,19,42,realestate
787,787,13,5,2,18,123,financial
788,788,19,24,1,25,97,software
789,789,6,19,0,10,84,education
790,790,8,22,8,1,155,realestate
791,791,17,11,4,29,205,realestate
792,792,8,7,6,26,140,software
793,793,3,11,6,0,217,software
794,794,1,10,1,25,172,software
795,795,9,22,2,25,45,software
796,796,3,24,3,22,207,software
797,797,0,5,6,15,121,financial
798,798,6,14,7,4,82,realestate
799,799,16,11,2,23,149,education
800,800,10,22,6,12,146,realestate
801,801,11,4,1,13,108,realestate
802,802,2,5,3,24,206,education
803,803,10,22,9,25,145,education
804,804,8,1,1,15,127,pharmaceutical
805,805,12,7,4,3,86,software
806,806,12,8,3,13,109,retail
807,807,1,11,8,2,183,realestate
808,808,7,10,6,0,151,education
809,809,4,2,2,14,145,realestate
810,810,1,29,8,28,209,software
811,811,15,12,0,28,198,education
812,812,0,12,0,9,123,software
813,813,8,3,7,7,190,retail
814,814,12,7,2,29,98,financial
815,815,14,3,6,2,183,realestate
816,816,5,24,6,22,98,retail
817,817,16,16,3,1,156,education
818,818,4,28,5,25,159,software
819,819,19,27,4,4,73,software
820,820,2,20,1,2,199,realestate
821,821,8,26,1,2,168,education
822,822,17,6,2,26,204,education
823,823,13,4,3,5,108,pharmaceutical
824,824,19,17,4,9,71,realestate
825,825,13,3,4,11,133,realestate
826,826,7,10,0,16,124,software
827,827,9,10,4,17,92,financial
828,828,17,18,5,23,200,education
829,829,18,13,5,26,93,realestate
830,830,4,16,0,19,140,software
831,831,14,7,8,6,199,pharmaceutical
832,832,3,0,2,11,166,financial
833,833,7,21,0,17,128,retail
834,834,16,13,7,26,160,pharmaceutical
835,835,14,17,5,17,182,education
836,836,16,4,1,25,148,financial
837,837,3,28,1,15,174,software
838,838,7,21,0,7,163,realestate
839,839,5,4,5,1,125,pharmaceutical
840,840,12,6,1,29,108,retail
841,841,10,4,6,28,123,financial
842,842,16,20,1,5,149,education
843,843,0,15,3,24,121,software
844,844,12,19,7,2,98,realestate
845,845,17,27,0,1,199,retail
846,846,1,17,0,24,236,retail
847,847,19,16,2,7,116,retail
848,848,16,28,5,22,157,realestate
849,849,18,22,3,7,74,education
850,850,4,8,5,16,148,education
851,851,7,26,2,24,151,software
852,852,16,0,6,17,158,education
853,853,5,14,0,25,129,retail
854,854,12,6,5,15,108,retail
855,855,1,22,4,7,188,pharmaceutical
856,856,6,11,9,29,86,education
857,857,12,22,5,19,105,pharmaceutical
858,858,8,20,4,20,188,realestate
859,859,4,19,1,7,136,realestate
860,860,8,24,4,27,154,education
861,861,8,9,1,29,117,pharmaceutical
862,862,2,29,8,27,210,financial
863,863,10,23,7,25,134,retail
864,864,1,23,5,20,225,pharmaceutical
865,865,4,7,2,29,146,retail
866,866,19,8,4,22,113,pharmaceutical
867,867,7,28,3,22,151,software
868,868,6,6,5,5,45,financial
869,869,7,26,0,17,135,education
870,870,12,5,7,7,102,pharmaceutical
871,871,12,23,5,9,80,financial
872,872,3,5,8,9,173,software
873,873,15,7,9,14,184,realestate
874,874,5,3,5,3,132,realestate
875,875,14,14,2,26,181,software
876,876,3,20,3,18,204,retail
877,877,12,27,7,18,80,education
878,878,17,0,6,26,187,software
879,879,11,0,1,24,126,education
880,880,2,18,3,10,214,pharmaceutical
881,881,19,29,3,26,99,pharmaceutical
882,882,19,7,7,29,89,education
883,883,17,1,5,23,195,education
884,884,14,19,4,8,191,education
885,885,8,11,2,27,199,pharmaceutical
886,886,19,16,6,11,95,education
887,887,3,8,3,13,173,software
888,888,18,25,2,6,59,pharmaceutical
889,889,16,8,2,24,158,realestate
890,890,13,13,3,11,102,pharmaceutical
891,891,9,18,9,12,77,pharmaceutical
892,892,16,21,8,27,162,realestate
893,893,16,12,9,6,153,financial
894,894,4,29,9,19,174,realestate
895,895,0,5,9,6,119,financial
896,896,12,23,7,28,106,pharmaceutical
897,897,3,3,5,3,168,software
898,898,15,6,9,26,213,education
899,899,0,29,7,3,119,financial
900,900,14,25,5,5,194,realestate
901,901,6,14,2,15,67,pharmaceutical
902,902,14,10,8,22,188,pharmaceutical
903,903,17,13,3,3,188,retail
904,904,4,3,2,15,191,retail
905,905,6,13,4,6,38,realestate
906,906,11,3,6,19,108,financial
907,907,9,11,9,5,44,financial
908,908,9,14,6,2,97,education
909,909,8,5,7,24,163,realestate
910,910,11,18,9,1,137,realestate
911,911,11,26,9,9,113,realestate
912,912,4,28,3,23,192,retail
913,913,17,25,7,27,196,education
914,914,8,23,5,3,120,pharmaceutical
915,915,18,26,8,19,59,pharmaceutical
916,916,1,21,8,7,175,software
917,917,17,14,7,14,194,realestate
918,918,13,16,4,12,107,realestate
919,919,12,28,9,24,90,pharmaceutical
920,920,6,6,0,7,78,education
921,921,16,11,4,29,149,retail
922,922,2,25,6,9,203,pharmaceutical
923,923,2,7,6,2,219,realestate
924,924,17,29,7,22,203,pharmaceutical
925,925,12,7,8,7,108,realestate
926,926,3,12,3,3,174,pharmaceutical
927,927,15,10,3,4,189,education
928,928,1,15,8,17,199,realestate
929,929,16,9,0,19,156,pharmaceutical
930,930,19,25,6,16,115,education
931,931,17,0,5,11,202,financial
932,932,15,20,2,1,196,software
933,933,6,21,3,22,46,retail
934,934,17,16,2,27,191,pharmaceutical
935,935,16,28,1,23,151,realestate
936,936,0,23,9,10,120,education
937,937,0,0,1,17,123,retail
938,938,11,24,0,11,99,retail
939,939,9,8,3,26,62,retail
940,940,18,1,0,12,83,education
941,941,9,6,9,27,50,education
942,942,11,11,0,7,114,software
943,943,18,10,1,2,62,pharmaceutical
944,944,5,12,3,14,105,realestate
945,945,10,4,8,12,153,pharmaceutical
946,946,12,11,8,16,94,education
947,947,4,27,1,11,174,education
948,948,7,6,2,20,135,education
949,949,4,18,0,12,165,software
950,950,7,16,1,29,136,software
951,951,19,14,6,6,94,retail
952,952,19,24,1,24,113,software
953,953,1,29,1,15,214,realestate
954,954,2,25,8,4,201,pharmaceutical
955,955,6,5,7,4,79,retail
956,956,14,0,3,20,197,realestate
957,957,8,18,1,8,157,education
958,958,13,6,9,20,94,financial
959,959,3,26,2,8,195,pharmaceutical
960,960,16,24,5,4,161,software
961,961,10,25,1,10,93,software
962,962,4,22,1,25,192,realestate
963,963,2,6,3,3,214,financial
964,964,3,16,1,15,200,financial
965,965,6,5,3,25,78,education
966,966,6,19,2,4,74,retail
967,967,18,14,1,27,70,software
968,968,7,18,1,23,142,pharmaceutical
969,969,17,14,8,25,199,financial
970,970,1,18,5,21,224,software
971,971,14,0,1,9,195,software
972,972,2,25,3,28,215,pharmaceutical
973,973,19,21,2,24,112,pharmaceutical
974,974,13,12,1,23,142,retail
975,975,5,1,2,17,107,realestate
976,976,6,1,4,22,52,software
977,977,15,18,1,6,191,education
978,978,19,20,5,22,84,software
979,979,12,21,6,4,83,retail
980,980,5,16,6,3,125,realestate
981,981,14,16,9,13,184,pharmaceutical
982,982,11,20,0,28,103,realestate
983,983,1,8,8,27,212,software
984,984,0,26,4,22,123,retail
985,985,15,26,6,14,215,retail
986,986,11,22,3,27,131,financial
987,987,17,7,5,19,198,education
988,988,1,24,5,13,235,education
989,989,2,6,4,18,200,software
990,990,4,20,7,20,149,education
991,991,13,29,7,14,111,realestate
992,992,15,24,9,29,212,retail
993,993,6,29,2,2,48,realestate
994,994,10,0,0,7,92,realestate
995,995,6,27,8,3,73,financial
996,996,0,5,7,20,122,pharmaceutical
997,997,11,3,9,16,123,software
998,998,15,19,2,3,191,retail
999,999,15,21,4,19,179,software
1000,1000,7,28,9,17,160,software
1001,1001,9,6,4,1,59,financial
1002,1002,8,8,1,10,197,pharmaceutical
1003,1003,16,15,9,23,157,education
1004,1004,8,1,8,28,160,realestate
1005,1005,11,24,4,14,94,realestate
1006,1006,6,11,7,18,46,pharmaceutical
1007,1007,19,15,0,17,88,software
1008,1008,10,6,3,6,117,realestate
1009,1009,7,27,6,24,124,education
1010,1010,4,7,9,1,176,education
1011,1011,11,19,7,24,117,realestate
1012,1012,15,15,5,22,220,education
1013,1013,18,25,7,3,96,pharmaceutical
1014,1014,3,12,2,8,204,education
1015,1015,1,26,2,22,192,realestate
1016,1016,9,15,6,12,87,education
1017,1017,18,13,3,27,83,pharmaceutical
1018,1018,6,15,4,12,44,retail
1019,1019,19,24,5,23,115,retail
1020,1020,4,4,9,5,135,software
1021,1021,12,28,1,19,95,financial
1022,1022,15,16,0,3,200,pharmaceutical
1023,1023,1,11,8,8,223,retail
1024,1024,17,6,4,14,186,pharmaceutical
1025,1025,0,16,9,4,121,education
1026,1026,0,10,1,25,120,realestate
1027,1027,19,0,9,13,88,software
1028,1028,4,17,8,11,173,realestate
1029,1029,19,13,4,6,107,realestate
1030,1030,10,4,6,14,101,retail
1031,1031,2,21,6,22,215,financial
1032,1032,10,14,5,15,123,financial
1033,1033,12,6,1,22,103,education
1034,1034,1,16,7,10,165,software
1035,1035,11,2,9,19,92,financial
1036,1036,2,11,3,18,205,financial
1037,1037,16,22,0,17,161,retail
1038,1038,16,21,0,24,148,education
1039,1039,13,25,5,3,109,retail
1040,1040,5,18,0,15,119,software
1041,1041,8,0,5,4,118,software
1042,1042,16,17,3,14,149,education
1043,1043,15,7,2,2,204,realestate
1044,1044,4,19,7,16,182,retail
1045,1045,1,15,3,26,226,education
1046,1046,5,10,8,8,108,retail
1047,1047,0,20,5,23,121,realestate
1048,1048,15,25,5,23,204,pharmaceutical
1049,1049,2,13,5,5,212,realestate
1050,1050,6,7,0,25,86,education
1051,1051,12,3,1,24,100,software
1052,1052,1,19,5,20,226,education
1053,1053,9,14,9,19,49,pharmaceutical
1054,1054,10,17,3,3,149,software
1055,1055,10,28,3,0,123,financial
1056,1056,3,29,7,18,188,realestate
1057,1057,12,18,3,14,104,education
1058,1058,15,26,5,6,213,education
1059,1059,16,26,4,14,152,retail
1060,1060,1,5,9,26,162,realestate
1061,1061,12,16,5,4,85,pharmaceutical
1062,1062,18,6,3,15,88,pharmaceutical
1063,1063,7,11,5,24,134,realestate
1064,1064,8,13,7,13,158,financial
1065,1065,17,2,2,14,196,software
1066,1066,12,3,3,25,90,financial
1067,1067,19,6,8,23,89,education
1068,1068,2,27,4,20,203,software
1069,1069,14,12,0,9,199,retail
1070,1070,9,10,3,3,56,software
1071,1071,6,27,1,18,61,software
1072,1072,0,1,2,19,121,realestate
1073,1073,8,20,0,21,200,software
1074,1074,7,17,9,12,156,retail
1075,1075,14,10,5,19,190,pharmaceutical
1076,1076,14,4,2,2,198,retail
1077,1077,17,28,0,29,202,software
1078,1078,7,24,9,4,162,education
1079,1079,1,27,9,4,235,education
1080,1080,9,17,6,29,97,pharmaceutical
1081,1081,10,27,2,11,97,financial
1082,1082,9,5,9,18,83,realestate
1083,1083,4,12,1,29,159,financial
1084,1084,6,27,2,4,47,retail
1085,1085,17,11,3,22,204,education
1086,1086,9,15,0,26,92,education
1087,1087,8,4,2,12,161,software
1088,1088,15,25,6,7,188,software
1089,1089,10,1,7,15,130,retail
1090,1090,10,1,6,10,122,retail
1091,1091,9,0,5,29,61,retail
1092,1092,8,26,9,10,129,retail
1093,1093,10,8,2,24,91,realestate
1094,1094,2,22,5,10,208,pharmaceutical
1095,1095,11,13,5,1,121,software
1096,1096,12,26,7,18,80,realestate
1097,1097,10,15,2,22,140,software
1098,1098,12,0,3,6,90,financial
1099,1099,12,4,5,28,91,retail
1100,1100,9,3,2,20,84,education
1101,1101,1,26,3,8,180,retail
1102,1102,12,21,8,7,98,retail
1103,1103,15,18,5,28,178,pharmaceutical
1104,1104,18,13,2,11,93,retail
1105,1105,4,17,9,13,151,realestate
1106,1106,1,12,0,1,201,realestate
1107,1107,6,1,5,3,45,pharmaceutical
1108,1108,16,13,1,24,147,pharmaceutical
1109,1109,0,9,5,7,122,retail
1110,1110,12,12,9,7,95,realestate
1111,1111,2,1,4,10,207,software
1112,1112,0,9,8,12,119,realestate
1113,1113,11,15,5,8,110,education
1114,1114,3,2,3,24,184,software
1115,1115,8,0,3,8,122,software
1116,1116,4,16,0,25,173,software
1117,1117,5,20,6,12,96,retail
1118,1118,1,7,8,16,228,education
1119,1119,4,0,3,9,181,retail
1120,1120,16,15,4,1,150,pharmaceutical
1121,1121,9,26,3,26,52,software
1122,1122,3,12,2,19,171,pharmaceutical
1123,1123,10,15,5,11,137,pharmaceutical
1124,1124,13,20,0,26,101,financial
1125,1125,15,11,2,10,194,realestate
1126,1126,17,1,2,20,193,realestate
1127,1127,14,13,6,26,189,software
1128,1128,2,12,2,22,208,realestate
1129,1129,13,11,7,21,132,pharmaceutical
1130,1130,6,27,9,20,80,education
1131,1131,6,6,8,20,81,software
1132,1132,7,13,9,26,146,education
1133,1133,6,29,7,15,83,retail
1134,1134,13,14,4,14,91,education
1135,1135,7,23,6,21,166,financial
1136,1136,11,28,3,19,95,education
1137,1137,0,26,6,0,121,education
1138,1138,17,14,8,13,198,realestate
1139,1139,9,29,7,13,63,realestate
1140,1140,5,24,4,29,123,pharmaceutical
1141,1141,13,11,5,17,116,retail
1142,1142,4,13,3,25,174,retail
1143,1143,19,4,7,17,93,education
1144,1144,11,9,9,1,138,pharmaceutical
1145,1145,1,27,6,15,169,retail
1146,1146,10,1,8,4,129,realestate
1147,1147,2,18,0,29,202,education
1148,1148,15,19,3,15,180,software
1149,1149,8,3,5,20,184,retail
1150,1150,12,7,1,16,93,pharmaceutical
1151,1151,14,12,9,0,186,financial
1152,1152,15,29,2,12,211,retail
1153,1153,11,5,3,11,108,pharmaceutical
1154,1154,7,12,3,9,120,pharmaceutical
1155,1155,19,19,7,7,108,education
1156,1156,16,15,4,8,149,realestate
1157,1157,13,25,4,8,92,financial
1158,1158,16,13,9,9,162,retail
1159,1159,7,15,2,23,160,financial
1160,1160,7,0,3,0,145,education
1161,1161,18,2,5,4,62,pharmaceutical
1162,1162,6,21,3,19,77,software
1163,1163,13,5,7,12,90,education
1164,1164,5,13,9,20,133,realestate
1165,1165,0,12,5,26,122,financial
1166,1166,16,24,8,18,150,education
1167,1167,3,26,0,11,195,financial
1168,1168,4,27,8,12,174,realestate
1169,1169,0,22,9,5,119,financial
1170,1170,3,13,3,27,173,realestate
1171,1171,17,17,9,16,195,software
1172,1172,11,15,9,17,124,realestate
1173,1173,17,13,3,11,192,software
1174,1174,12,9,8,28,94,pharmaceutical
1175,1175,9,20,7,7,44,retail
1176,1176,19,12,8,7,83,retail
1177,1177,4,9,1,4,139,pharmaceutical
1178,1178,8,3,4,0,111,education
1179,1179,15,17,7,20,199,education
1180,1180,11,27,9,0,123,education
1181,1181,10,19,4,20,152,software
1182,1182,8,18,3,27,171,realestate
1183,1183,13,8,2,21,146,retail
1184,1184,7,9,1,8,148,pharmaceutical
1185,1185,10,12,0,29,121,realestate
1186,1186,5,15,3,25,104,retail
1187,1187,0,27,6,21,120,education
1188,1188,13,26,8,15,114,realestate
1189,1189,3,3,9,22,183,education
1190,1190,8,13,0,22,165,realestate
1191,1191,19,13,8,6,102,pharmaceutical
1192,1192,2,7,5,26,215,retail
1193,1193,7,1,2,8,156,retail
1194,1194,7,24,4,5,165,retail
1195,1195,5,17,9,27,112,financial
1196,1196,9,2,5,9,88,retail
1197,1197,19,20,8,2,86,software
1198,1198,17,22,2,2,190,software
1199,1199,3,7,9,19,201,pharmaceutical
1200,1200,9,29,5,14,101,pharmaceutical
1201,1201,15,12,2,15,216,education
1202,1202,1,24,0,29,189,realestate
1203,1203,16,8,1,0,148,retail
1204,1204,12,15,6,23,104,education
1205,1205,15,24,3,14,201,realestate
1206,1206,18,25,3,9,85,realestate
1207,1207,12,27,4,27,107,realestate
1208,1208,6,29,2,26,41,realestate
1209,1209,3,20,8,26,216,software
1210,1210,5,28,6,15,112,education
1211,1211,19,14,7,11,92,realestate
1212,1212,8,2,5,19,147,pharmaceutical
1213,1213,3,1,1,26,191,software
1214,1214,12,25,4,6,98,software
1215,1215,14,24,3,19,181,software
1216,1216,13,0,3,20,130,retail
1217,1217,18,12,5,1,51,software
1218,1218,15,3,4,26,190,financial
1219,1219,18,28,6,23,70,software
1220,1220,12,27,1,29,87,realestate
1221,1221,14,26,1,15,198,education
1222,1222,2,15,6,8,201,retail
1223,1223,13,20,4,0,122,software
1224,1224,4,4,4,1,176,retail
1225,1225,10,12,8,20,114,financial
1226,1226,2,5,4,7,218,realestate
1227,1227,7,10,9,14,125,retail
1228,1228,7,26,7,5,136,retail
1229,1229,0,19,9,17,119,pharmaceutical
1230,1230,5,6,3,24,113,financial
1231,1231,2,24,6,5,212,financial
1232,1232,5,1,0,2,122,education
1233,1233,6,18,5,10,38,retail
1234,1234,1,26,5,5,208,realestate
1235,1235,12,3,8,0,91,education
1236,1236,1,2,2,7,225,pharmaceutical
1237,1237,3,24,0,0,198,retail
1238,1238,4,18,7,21,148,realestate
1239,1239,15,8,6,17,205,pharmaceutical
1240,1240,3,17,8,8,184,education
1241,1241,15,19,1,20,199,financial
1242,1242,11,7,2,17,129,financial
1243,1243,14,29,4,22,199,education
1244,1244,14,22,3,19,196,realestate
1245,1245,4,0,1,24,169,realestate
1246,1246,0,2,8,5,122,realestate
1247,1247,16,22,8,5,152,financial
1248,1248,16,17,1,10,157,financial
1249,1249,13,27,0,26,99,software
1250,1250,6,29,3,24,56,realestate
1251,1251,3,19,3,24,181,pharmaceutical
1252,1252,1,24,4,5,164,retail
1253,1253,12,14,8,11,101,retail
1254,1254,0,16,9,7,119,software
1255,1255,18,14,0,3,63,education
1256,1256,16,15,1,2,154,financial
1257,1257,8,13,5,21,140,pharmaceutical
1258,1258,11,1,3,23,113,education
1259,1259,13,16,9,6,146,education
1260,1260,9,23,9,17,82,software
1261,1261,18,1,8,9,52,software
1262,1262,18,6,4,25,74,financial
1263,1263,4,25,2,9,143,realestate
1264,1264,4,24,4,13,130,education
1265,1265,9,2,7,16,103,software
1266,1266,15,8,7,18,203,realestate
1267,1267,11,28,7,21,106,software
1268,1268,10,2,9,16,95,pharmaceutical
1269,1269,13,28,2,23,111,realestate
1270,1270,8,6,7,26,153,realestate
1271,1271,14,27,2,11,188,financial
1272,1272,7,8,1,16,165,financial
1273,1273,12,9,0,15,109,pharmaceutical
1274,1274,16,24,8,28,157,financial
1275,1275,5,3,8,7,139,software
1276,1276,17,23,5,14,197,financial
1277,1277,8,28,1,20,189,financial
1278,1278,8,17,6,0,157,software
1279,1279,12,9,1,20,90,financial
1280,1280,4,21,0,26,161,retail
1281,1281,13,5,6,1,119,realestate
1282,1282,9,10,6,25,66,pharmaceutical
1283,1283,16,23,4,12,159,education
1284,1284,15,4,4,29,219,financial
1285,1285,15,8,1,26,218,education
1286,1286,8,10,6,14,122,retail
1287,1287,1,23,4,3,190,pharmaceutical
1288,1288,2,2,9,10,217,education
1289,1289,17,5,5,1,192,software
1290,1290,1,25,7,12,191,software
1291,1291,8,9,4,25,194,realestate
1292,1292,18,28,6,17,72,pharmaceutical
1293,1293,17,14,5,11,185,pharmaceutical
1294,1294,14,24,2,14,194,retail
1295,1295,14,21,6,24,183,pharmaceutical
1296,1296,14,15,0,18,187,software
1297,1297,8,10,5,1,163,retail
1298,1298,1,14,7,27,167,realestate
1299,1299,12,2,3,18,109,education
1300,1300,16,13,7,10,157,retail
1301,1301,9,20,6,19,105,retail
1302,1302,12,0,7,11,99,software
1303,1303,14,18,6,17,180,realestate
1304,1304,4,6,5,19,139,education
1305,1305,10,2,3,28,131,financial
1306,1306,16,4,4,7,156,pharmaceutical
1307,1307,14,23,1,4,199,retail
1308,1308,5,12,2,5,118,software
1309,1309,11,9,0,16,108,retail
1310,1310,16,6,6,11,150,pharmaceutical
1311,1311,10,23,7,14,147,retail
1312,1312,14,10,8,13,188,education
1313,1313,3,21,8,19,185,pharmaceutical
1314,1314,14,5,5,11,188,realestate
1315,1315,1,5,0,23,161,education
1316,1316,4,14,8,24,158,financial
1317,1317,14,11,9,16,195,education
1318,1318,5,6,4,17,114,education
1319,1319,7,23,7,13,159,pharmaceutical
1320,1320,11,7,4,3,108,financial
1321,1321,5,10,4,5,128,pharmaceutical
1322,1322,5,2,8,2,92,education
1323,1323,16,28,7,6,147,education
1324,1324,2,17,6,20,211,financial
1325,1325,5,23,7,10,112,realestate
1326,1326,4,2,0,27,182,pharmaceutical
1327,1327,4,24,1,16,140,realestate
1328,1328,8,1,7,22,207,retail
1329,1329,14,15,1,12,194,pharmaceutical
1330,1330,5,29,1,4,140,software
1331,1331,18,22,8,5,51,financial
1332,1332,16,13,7,19,153,pharmaceutical
1333,1333,16,13,2,26,152,education
1334,1334,11,11,4,19,141,realestate
1335,1335,15,11,4,24,205,software
1336,1336,10,14,0,20,145,financial
1337,1337,1,6,4,23,211,realestate
1338,1338,4,15,4,26,178,financial
1339,1339,10,16,3,14,132,software
1340,1340,9,12,6,6,89,financial
1341,1341,18,25,4,27,71,software
1342,1342,13,29,5,27,107,software
1343,1343,16,4,2,17,149,software
1344,1344,13,20,2,20,107,financial
1345,1345,11,29,6,1,95,pharmaceutical
1346,1346,6,13,0,1,47,pharmaceutical
1347,1347,14,7,5,9,191,pharmaceutical
1348,1348,2,12,3,16,201,financial
1349,1349,10,13,3,24,95,pharmaceutical
1350,1350,11,28,3,18,139,financial
1351,1351,8,4,4,3,188,education
1352,1352,18,15,9,23,93,realestate
1353,1353,11,28,8,24,97,realestate
1354,1354,19,7,1,17,115,pharmaceutical
1355,1355,6,29,8,7,63,financial
1356,1356,8,2,3,6,183,realestate
1357,1357,19,20,1,10,111,education
1358,1358,12,26,2,15,96,financial
1359,1359,5,24,6,27,119,realestate
1360,1360,10,17,4,0,116,education
1361,1361,13,25,4,26,140,retail
1362,1362,19,22,1,9,77,realestate
1363,1363,19,8,4,11,86,pharmaceutical
1364,1364,13,12,5,29,145,realestate
1365,1365,2,6,7,4,219,pharmaceutical
1366,1366,6,3,5,18,64,education
1367,1367,4,26,1,0,164,retail
1368,1368,12,3,9,1,102,financial
1369,1369,4,27,1,17,191,education
1370,1370,12,0,9,18,102,financial
1371,1371,10,3,6,7,127,financial
1372,1372,3,21,2,27,201,pharmaceutical
1373,1373,12,15,4,23,104,realestate
1374,1374,18,10,6,3,55,financial
1375,1375,9,28,9,3,84,realestate
1376,1376,14,6,3,16,183,financial
1377,1377,9,1,5,29,71,education
1378,1378,4,16,1,26,136,financial
1379,1379,11,18,2,9,114,software
1380,1380,15,4,9,1,218,realestate
1381,1381,6,27,0,14,43,education
1382,1382,3,22,0,17,174,retail
1383,1383,3,23,5,5,176,education
1384,1384,4,13,5,7,170,retail
1385,1385,1,10,6,28,205,education
1386,1386,2,21,4,28,217,software
1387,1387,8,15,1,13,181,realestate
1388,1388,1,27,4,8,231,retail
1389,1389,18,5,6,22,78,pharmaceutical
1390,1390,6,26,9,24,62,software
1391,1391,14,5,5,8,197,pharmaceutical
1392,1392,15,15,7,17,188,software
1393,1393,15,6,0,7,180,financial
1394,1394,5,18,6,3,100,retail
1395,1395,14,4,4,7,196,retail
1396,1396,14,29,6,14,188,pharmaceutical
1397,1397,17,3,1,18,190,software
1398,1398,15,4,2,3,207,retail
1399,1399,18,6,8,25,57,financial
1400,1400,6,6,3,1,55,retail
1401,1401,4,20,1,21,184,education
1402,1402,8,14,7,24,128,financial
1403,1403,4,14,9,1,193,realestate
1404,1404,17,9,0,24,189,retail
1405,1405,13,15,9,14,108,realestate
1406,1406,18,25,2,4,69,education
1407,1407,15,27,5,23,187,realestate
1408,1408,16,21,6,29,153,software
1409,1409,8,1,5,12,146,realestate
1410,1410,6,22,5,26,47,software
1411,1411,1,13,9,24,155,pharmaceutical
1412,1412,5,19,6,27,96,retail
1413,1413,6,12,6,21,70,financial
1414,1414,11,10,3,20,122,financial
1415,1415,16,2,5,6,153,realestate
1416,1416,16,2,0,0,146,software
1417,1417,1,28,9,0,197,financial
1418,1418,3,20,5,18,210,retail
1419,1419,8,25,3,7,158,realestate
1420,1420,18,8,5,21,70,pharmaceutical
1421,1421,2,3,3,28,205,realestate
1422,1422,11,6,8,4,94,realestate
1423,1423,6,6,8,11,49,financial
1424,1424,15,28,2,26,185,education
1425,1425,8,23,0,25,207,education
1426,1426,5,21,2,23,132,software
1427,1427,7,29,7,9,129,financial
1428,1428,7,26,0,8,160,retail
1429,1429,7,11,9,0,151,retail
1430,1430,4,22,5,6,185,retail
1431,1431,0,3,3,10,121,realestate
1432,1432,5,27,3,0,98,education
1433,1433,17,21,0,8,198,education
1434,1434,3,16,0,14,167,retail
1435,1435,1,18,8,27,230,pharmaceutical
1436,1436,12,27,8,2,92,pharmaceutical
1437,1437,9,5,0,8,67,software
1438,1438,3,23,0,5,205,financial
1439,1439,14,6,0,13,183,education
1440,1440,3,1,9,12,217,retail
1441,1441,13,20,7,25,100,education
1442,1442,1,16,2,18,190,financial
1443,1443,14,10,0,1,198,financial
1444,1444,9,5,3,4,99,pharmaceutical
1445,1445,2,7,3,24,210,software
1446,1446,9,16,4,27,54,pharmaceutical
1447,1447,0,12,2,6,123,retail
1448,1448,18,12,5,29,95,realestate
1449,1449,19,12,7,28,108,software
1450,1450,13,1,4,1,110,pharmaceutical
1451,1451,0,10,9,23,119,retail
1452,1452,9,15,8,29,96,realestate
1453,1453,8,29,6,17,143,financial
1454,1454,5,16,0,1,100,financial
1455,1455,2,25,2,20,219,realestate
1456,1456,18,15,8,14,90,retail
1457,1457,14,22,8,20,181,education
1458,1458,19,2,9,19,97,education
1459,1459,9,3,9,16,56,financial
1460,1460,3,27,9,5,202,realestate
1461,1461,3,11,3,14,203,software
1462,1462,19,21,9,9,91,software
1463,1463,7,1,4,7,150,pharmaceutical
1464,1464,0,8,4,23,120,education
1465,1465,11,16,1,1,130,pharmaceutical
1466,1466,2,25,2,26,204,software
1467,1467,10,8,8,14,103,realestate
1468,1468,9,21,0,21,79,realestate
1469,1469,9,14,3,9,88,financial
1470,1470,1,9,8,2,178,retail
1471,1471,11,25,4,9,117,retail
1472,1472,8,23,8,2,133,software
1473,1473,12,18,1,12,102,realestate
1474,1474,4,1,4,22,169,realestate
1475,1475,11,3,7,0,111,education
1476,1476,19,12,4,0,107,realestate
1477,1477,3,10,0,14,201,software
1478,1478,12,26,3,19,86,financial
1479,1479,14,18,4,3,193,pharmaceutical
1480,1480,15,27,3,11,191,financial
1481,1481,13,23,3,18,130,realestate
1482,1482,6,0,7,29,66,financial
1483,1483,18,22,3,12,56,realestate
1484,1484,3,20,0,10,201,software
1485,1485,7,28,5,27,144,software
1486,1486,18,15,4,25,73,realestate
1487,1487,5,29,0,0,93,realestate
1488,1488,9,20,1,20,78,realestate
1489,1489,15,15,9,27,195,software
1490,1490,4,19,3,23,141,realestate
1491,1491,6,9,8,7,65,retail
1492,1492,4,7,9,27,147,retail
1493,1493,1,20,2,25,187,pharmaceutical
1494,1494,14,17,6,8,183,pharmaceutical
1495,1495,2,4,9,12,217,pharmaceutical
1496,1496,15,2,2,4,179,retail
1497,1497,13,0,6,13,133,financial
1498,1498,17,14,7,2,190,pharmaceutical
1499,1499,9,11,0,10,43,software
1500,1500,14,1,2,4,191,financial
1501,1501,4,23,5,6,130,pharmaceutical
1502,1502,14,7,5,17,185,realestate
1503,1503,10,0,1,26,99,education
1504,1504,10,4,0,12,112,software
1505,1505,13,23,8,22,109,financial
1506,1506,4,18,5,6,130,education
1507,1507,5,23,6,0,131,pharmaceutical
1508,1508,3,3,2,17,192,pharmaceutical
1509,1509,4,16,0,26,150,financial
1510,1510,16,20,2,13,152,financial
1511,1511,3,17,6,6,174,pharmaceutical
1512,1512,2,3,6,6,201,realestate
1513,1513,9,14,6,10,74,education
1514,1514,3,8,4,29,191,software
1515,1515,16,20,4,19,146,financial
1516,1516,8,25,7,6,179,pharmaceutical
1517,1517,19,23,5,11,109,financial
1518,1518,13,15,1,0,139,software
1519,1519,16,5,5,7,157,realestate
1520,1520,16,25,3,11,158,financial
1521,1521,17,21,7,1,201,software
1522,1522,0,5,8,24,119,financial
1523,1523,5,14,7,28,110,software
1524,1524,8,18,2,14,137,retail
1525,1525,17,10,5,8,195,software
1526,1526,8,10,9,3,162,software
1527,1527,18,16,1,16,92,retail
1528,1528,15,27,9,24,178,financial
1529,1529,12,13,2,10,108,retail
1530,1530,15,7,4,1,184,education
1531,1531,16,10,8,16,148,software
1532,1532,12,10,7,5,106,education
1533,1533,18,3,4,21,55,realestate
1534,1534,11,18,6,0,135,retail
1535,1535,2,9,8,26,213,realestate
1536,1536,18,20,7,22,54,software
1537,1537,0,28,4,17,120,retail
1538,1538,1,1,5,27,193,education
1539,1539,2,0,1,18,219,retail
1540,1540,1,23,3,24,175,education
1541,1541,13,26,8,12,90,education
1542,1542,13,26,4,16,112,retail
1543,1543,11,4,1,25,100,pharmaceutical
1544,1544,16,22,1,16,150,financial
1545,1545,4,6,2,20,167,realestate
1546,1546,11,27,0,7,102,financial
1547,1547,16,28,7,9,148,financial
1548,1548,0,6,1,23,123,financial
1549,1549,16,8,4,16,156,software
1550,1550,14,9,2,23,189,retail
1551,1551,2,10,8,21,210,education
1552,1552,6,9,0,16,77,software
1553,1553,10,14,0,16,104,education
1554,1554,3,21,4,10,167,education
1555,1555,2,8,1,16,210,software
1556,1556,13,6,3,22,144,retail
1557,1557,4,12,7,5,185,education
1558,1558,17,0,7,28,187,financial
1559,1559,2,8,1,7,200,realestate
1560,1560,16,26,4,12,149,retail
1561,1561,16,21,7,9,153,pharmaceutical
1562,1562,17,12,1,22,204,pharmaceutical
1563,1563,18,11,9,3,94,financial
1564,1564,7,25,8,8,149,education
1565,1565,8,27,7,26,114,education
1566,1566,9,0,8,18,60,realestate
1567,1567,19,6,8,25,86,realestate
1568,1568,15,15,5,14,198,retail
1569,1569,0,17,3,27,122,financial
1570,1570,6,19,7,27,57,pharmaceutical
1571,1571,12,17,6,10,96,realestate
1572,1572,4,18,3,13,194,retail
1573,1573,18,16,2,9,63,realestate
1574,1574,3,26,5,8,205,realestate
1575,1575,5,9,5,18,98,pharmaceutical
1576,1576,12,22,3,28,107,realestate
1577,1577,14,12,8,23,194,retail
1578,1578,0,0,7,18,121,pharmaceutical
1579,1579,8,28,2,4,183,pharmaceutical
1580,1580,11,25,6,7,137,pharmaceutical
1581,1581,3,3,9,12,165,pharmaceutical
1582,1582,9,11,9,3,103,retail
1583,1583,12,13,6,12,106,software
1584,1584,19,15,7,10,73,pharmaceutical
1585,1585,6,12,4,2,43,realestate
1586,1586,0,19,8,19,120,realestate
1587,1587,1,12,5,18,173,retail
1588,1588,13,8,2,19,101,realestate
1589,1589,5,1,7,1,116,software
1590,1590,2,29,1,20,208,financial
1591,1591,11,28,3,11,140,retail
1592,1592,0,26,1,25,121,financial
1593,1593,13,2,2,7,88,financial
1594,1594,2,5,2,17,200,education
1595,1595,6,27,9,2,86,retail
1596,1596,6,16,5,13,71,software
1597,1597,8,19,3,19,140,financial
1598,1598,11,0,0,24,101,retail
1599,1599,15,0,5,6,183,realestate
1600,1600,18,16,4,21,94,education
1601,1601,10,19,1,28,128,realestate
1602,1602,12,15,5,15,89,realestate
1603,1603,5,29,5,7,100,pharmaceutical
1604,1604,6,6,5,11,79,retail
1605,1605,0,15,7,15,123,software
1606,1606,10,21,2,23,97,pharmaceutical
1607,1607,18,11,8,13,88,software
1608,1608,6,16,8,28,56,financial
1609,1609,19,27,0,25,89,software
1610,1610,7,5,7,16,166,realestate
1611,1611,18,24,7,7,99,education
1612,1612,13,22,7,2,127,retail
1613,1613,7,19,6,7,147,pharmaceutical
1614,1614,2,12,3,1,204,retail
1615,1615,9,22,1,13,89,software
1616,1616,0,26,9,19,123,pharmaceutical
1617,1617,19,26,1,0,89,retail
1618,1618,16,3,2,18,148,education
1619,1619,2,1,5,16,210,software
1620,1620,9,25,2,8,45,retail
1621,1621,13,11,8,18,129,pharmaceutical
1622,1622,5,20,0,14,119,realestate
1623,1623,16,10,9,27,151,retail
1624,1624,14,11,6,14,189,retail
1625,1625,15,27,2,13,214,education
1626,1626,3,16,7,4,198,retail
1627,1627,14,26,1,12,182,realestate
1628,1628,11,9,7,23,118,pharmaceutical
1629,1629,13,14,8,2,108,software
1630,1630,5,0,0,21,137,realestate
1631,1631,7,25,5,3,162,financial
1632,1632,2,10,0,20,200,pharmaceutical
1633,1633,2,0,8,28,202,software
1634,1634,19,12,7,23,112,realestate
1635,1635,11,26,6,18,92,pharmaceutical
1636,1636,10,22,7,26,88,financial
1637,1637,2,28,7,22,206,retail
1638,1638,7,29,8,24,124,retail
1639,1639,9,2,5,23,50,pharmaceutical
1640,1640,19,0,5,17,104,realestate
1641,1641,19,10,2,5,85,pharmaceutical
1642,1642,8,27,4,17,152,financial
1643,1643,0,21,3,29,120,software
1644,1644,2,0,8,14,204,software
1645,1645,16,17,6,4,154,pharmaceutical
1646,1646,2,8,5,1,200,realestate
1647,1647,2,26,7,24,202,realestate
1648,1648,16,4,1,28,157,education
1649,1649,7,26,9,14,144,education
1650,1650,7,4,0,1,148,financial
1651,1651,5,10,3,21,138,pharmaceutical
1652,1652,17,9,7,15,203,pharmaceutical
1653,1653,15,19,9,10,195,financial
1654,1654,0,12,4,21,122,education
1655,1655,2,26,6,5,202,education
1656,1656,19,0,7,4,95,education
1657,1657,17,23,7,8,200,financial
1658,1658,0,28,4,3,119,financial
1659,1659,0,28,4,13,121,education
1660,1660,17,9,3,6,195,education
1661,1661,12,20,8,15,97,education
1662,1662,3,17,9,15,215,software
1663,1663,9,9,8,4,91,retail
1664,1664,11,29,5,16,129,pharmaceutical
1665,1665,8,18,6,24,113,pharmaceutical
1666,1666,7,22,7,1,167,education
1667,1667,12,29,2,3,86,education
1668,1668,19,0,1,26,73,software
1669,1669,12,27,1,12,99,software
1670,1670,13,25,0,25,114,realestate
1671,1671,11,6,2,24,114,retail
1672,1672,18,19,5,15,95,software
1673,1673,9,6,0,18,104,education
1674,1674,6,12,0,2,70,financial
1675,1675,4,7,1,24,160,retail
1676,1676,9,29,7,13,75,software
1677,1677,11,16,9,13,132,pharmaceutical
1678,1678,19,3,1,25,83,education
1679,1679,15,13,1,3,214,realestate
1680,1680,7,25,1,7,160,financial
1681,1681,7,0,4,21,158,financial
1682,1682,4,2,2,28,181,retail
1683,1683,6,16,0,8,40,financial
1684,1684,17,14,3,11,193,financial
1685,1685,18,18,3,12,99,financial
1686,1686,10,13,0,29,97,software
1687,1687,5,0,8,25,92,software
1688,1688,5,25,9,28,100,financial
1689,1689,0,17,7,24,120,education
1690,1690,17,6,3,21,197,financial
1691,1691,14,11,7,13,182,software
1692,1692,11,9,8,19,104,education
1693,1693,19,0,4,9,109,pharmaceutical
1694,1694,13,21,0,10,97,financial
1695,1695,17,0,3,2,189,software
1696,1696,1,29,1,12,211,software
1697,1697,11,23,7,10,123,software
1698,1698,7,20,1,26,127,education
1699,1699,2,28,1,13,201,pharmaceutical
1700,1700,3,27,7,20,177,education
1701,1701,19,23,3,14,78,software
1702,1702,4,25,5,23,190,financial
1703,1703,11,2,5,12,116,pharmaceutical
1704,1704,4,10,9,11,169,retail
1705,1705,6,3,6,1,63,software
1706,1706,14,29,8,13,195,financial
1707,1707,17,15,7,9,190,retail
1708,1708,16,11,3,26,160,realestate
1709,1709,18,21,2,22,70,financial
1710,1710,19,28,6,26,76,realestate
1711,1711,7,13,8,23,159,realestate
1712,1712,14,8,0,16,196,retail
1713,1713,19,10,8,0,73,pharmaceutical
1714,1714,8,29,8,7,161,realestate
1715,1715,5,16,1,17,111,pharmaceutical
1716,1716,1,19,1,18,231,realestate
1717,1717,9,25,1,6,89,financial
1718,1718,7,20,7,18,151,education
1719,1719,16,10,3,16,151,retail
1720,1720,7,19,3,9,127,pharmaceutical
1721,1721,0,17,0,14,121,education
1722,1722,17,29,3,21,187,pharmaceutical
1723,1723,11,21,1,27,110,education
1724,1724,7,17,0,4,154,pharmaceutical
1725,1725,0,29,4,2,122,pharmaceutical
1726,1726,7,12,8,28,119,financial
1727,1727,10,0,5,15,116,software
1728,1728,2,9,1,1,202,software
1729,1729,1,7,5,17,197,retail
1730,1730,15,10,2,21,213,realestate
1731,1731,15,29,2,13,202,realestate
1732,1732,12,9,9,6,86,realestate
1733,1733,18,21,0,0,86,software
1734,1734,12,4,5,19,78,education
1735,1735,2,19,9,10,202,software
1736,1736,0,21,2,21,123,financial
1737,1737,6,3,6,15,40,pharmaceutical
1738,1738,15,27,4,3,195,education
1739,1739,3,13,0,9,213,pharmaceutical
1740,1740,1,17,8,16,166,software
1741,1741,7,10,2,5,125,realestate
1742,1742,13,19,0,6,124,pharmaceutical
1743,1743,6,15,4,8,63,education
1744,1744,8,2,5,26,188,realestate
1745,1745,15,27,1,9,197,financial
1746,1746,6,10,9,4,78,software
1747,1747,10,17,8,15,103,realestate
1748,1748,13,9,9,7,140,retail
1749,1749,17,12,3,21,197,pharmaceutical
1750,1750,19,23,9,20,89,financial
1751,1751,15,13,9,20,195,retail
1752,1752,18,2,8,22,68,education
1753,1753,1,1,4,19,158,education
1754,1754,17,29,2,13,187,financial
1755,1755,19,15,4,26,104,retail
1756,1756,3,11,1,17,173,education
1757,1757,14,3,0,14,196,financial
1758,1758,6,24,8,15,65,pharmaceutical
1759,1759,9,13,2,25,48,retail
1760,1760,19,26,8,12,87,pharmaceutical
1761,1761,16,17,5,14,161,realestate
1762,1762,17,27,5,14,200,realestate
1763,1763,9,16,6,4,70,realestate
1764,1764,19,20,2,7,74,retail
1765,1765,5,25,1,11,130,pharmaceutical
1766,1766,13,16,5,7,93,financial
1767,1767,7,11,7,6,145,financial
1768,1768,15,1,8,22,193,pharmaceutical
1769,1769,4,20,2,2,172,software
1770,1770,10,29,6,3,96,software
1771,1771,13,27,9,2,134,financial
1772,1772,17,2,8,1,199,retail
1773,1773,14,20,0,14,198,education
1774,1774,13,21,5,4,96,realestate
1775,1775,5,27,5,24,95,software
1776,1776,18,11,0,7,98,pharmaceutical
1777,1777,6,19,7,13,48,retail
1778,1778,7,9,5,21,158,financial
1779,1779,1,5,7,11,167,retail
1780,1780,0,14,9,16,121,realestate
1781,1781,12,23,7,6,107,education
1782,1782,18,14,7,22,68,realestate
1783,1783,19,19,8,5,84,software
1784,1784,9,1,4,21,85,education
1785,1785,18,13,3,24,88,retail
1786,1786,0,27,2,7,122,financial
1787,1787,1,21,8,9,223,software
1788,1788,16,12,9,18,150,education
1789,1789,14,10,5,0,181,financial
1790,1790,8,29,0,9,167,realestate
1791,1791,1,3,6,22,221,retail
1792,1792,14,8,7,1,181,education
1793,1793,5,11,3,0,109,retail
1794,1794,11,24,8,13,114,software
1795,1795,11,5,5,0,118,realestate
1796,1796,8,29,7,4,120,retail
1797,1797,13,0,5,4,115,realestate
1798,1798,3,12,8,8,177,retail
1799,1799,15,9,9,18,212,education
1800,1800,3,25,1,1,208,education
1801,1801,10,12,2,29,117,retail
1802,1802,7,4,6,11,140,pharmaceutical
1803,1803,17,14,4,9,188,realestate
1804,1804,16,18,2,18,146,education
1805,1805,17,18,8,9,194,pharmaceutical
1806,1806,4,10,0,29,181,retail
1807,1807,4,2,1,4,181,pharmaceutical
1808,1808,15,9,4,21,215,retail
1809,1809,9,2,9,17,72,pharmaceutical
1810,1810,3,21,8,17,165,financial
1811,1811,3,1,8,15,177,software
1812,1812,0,12,9,11,121,education
1813,1813,9,24,6,4,83,pharmaceutical
1814,1814,9,27,5,5,56,financial
1815,1815,4,4,4,6,161,pharmaceutical
1816,1816,1,23,0,19,226,realestate
1817,1817,9,20,3,2,53,pharmaceutical
1818,1818,7,21,8,10,166,realestate
1819,1819,19,18,9,7,104,realestate
1820,1820,6,0,3,26,48,retail
1821,1821,14,24,0,13,179,education
1822,1822,7,11,1,21,124,retail
1823,1823,7,21,2,7,131,education
1824,1824,14,28,1,8,184,pharmaceutical
1825,1825,11,8,6,2,92,education
1826,1826,13,12,0,29,120,financial
1827,1827,16,1,3,11,146,realestate
1828,1828,15,7,5,15,211,software
1829,1829,0,21,7,16,121,realestate
1830,1830,15,29,8,20,194,retail
1831,1831,5,3,7,3,107,realestate
1832,1832,7,3,6,7,139,software
1833,1833,14,0,8,13,197,realestate
1834,1834,13,13,4,23,136,education
1835,1835,10,4,1,17,104,realestate
1836,1836,11,11,6,25,96,retail
1837,1837,14,24,4,20,192,retail
1838,1838,16,8,6,29,159,software
1839,1839,18,9,1,6,72,financial
1840,1840,8,1,8,21,194,financial
1841,1841,16,9,7,22,162,software
1842,1842,14,10,6,6,189,pharmaceutical
1843,1843,14,26,5,26,182,software
1844,1844,15,6,4,12,209,retail
1845,1845,13,24,8,20,112,education
1846,1846,6,5,4,0,41,education
1847,1847,9,0,6,4,79,retail
1848,1848,13,20,1,14,124,pharmaceutical
1849,1849,8,13,0,11,157,pharmaceutical
1850,1850,18,18,9,21,71,software
1851,1851,8,19,8,4,194,financial
1852,1852,10,3,2,27,127,pharmaceutical
1853,1853,17,29,5,19,204,education
1854,1854,10,18,3,25,88,software
1855,1855,3,27,1,18,173,education
1856,1856,8,29,2,16,119,education
1857,1857,12,28,0,16,103,realestate
1858,1858,1,12,0,14,207,retail
1859,1859,2,10,7,17,208,software
1860,1860,16,26,3,24,158,financial
1861,1861,8,9,6,4,132,realestate
1862,1862,19,3,2,17,78,education
1863,1863,2,2,9,5,211,realestate
1864,1864,8,9,2,23,137,software
1865,1865,9,14,2,25,90,pharmaceutical
1866,1866,13,29,0,1,109,financial
1867,1867,16,24,7,21,146,retail
1868,1868,4,20,0,5,187,financial
1869,1869,13,17,9,12,116,financial
1870,1870,7,19,7,27,166,retail
1871,1871,8,20,8,14,131,education
1872,1872,12,10,8,22,84,financial
1873,1873,7,16,0,13,144,financial
1874,1874,11,17,7,24,95,education
1875,1875,19,24,6,7,117,realestate
1876,1876,19,22,6,2,108,software
1877,1877,18,29,4,26,68,pharmaceutical
1878,1878,11,0,8,23,105,software
1879,1879,11,25,8,20,133,realestate
1880,1880,9,9,1,15,88,financial
1881,1881,16,29,2,18,149,education
1882,1882,16,14,5,2,162,education
1883,1883,8,24,5,19,156,education
1884,1884,13,26,7,6,144,retail
1885,1885,3,8,1,27,206,pharmaceutical
1886,1886,1,4,6,22,179,retail
1887,1887,8,15,3,9,175,education
1888,1888,7,1,8,27,121,pharmaceutical
1889,1889,18,25,7,29,85,retail
1890,1890,12,10,0,5,106,financial
1891,1891,4,23,0,11,161,realestate
1892,1892,19,26,0,25,90,software
1893,1893,13,8,9,8,97,financial
1894,1894,5,28,2,8,125,financial
1895,1895,13,20,8,0,104,financial
1896,1896,0,14,4,22,119,retail
1897,1897,3,10,2,26,169,pharmaceutical
1898,1898,3,21,3,14,199,education
1899,1899,3,4,1,17,172,realestate
1900,1900,0,27,3,10,120,software
1901,1901,8,24,2,13,170,pharmaceutical
1902,1902,15,14,2,9,201,realestate
1903,1903,13,25,2,9,95,education
1904,1904,19,8,9,5,107,software
1905,1905,2,15,8,27,200,financial
1906,1906,6,12,1,6,54,realestate
1907,1907,14,28,2,19,189,software
1908,1908,6,18,7,4,40,financial
1909,1909,6,9,7,1,54,pharmaceutical
1910,1910,3,25,9,0,177,retail
1911,1911,9,8,0,17,54,realestate
1912,1912,6,22,9,4,79,pharmaceutical
1913,1913,12,18,2,4,91,pharmaceutical
1914,1914,10,26,5,25,101,financial
1915,1915,7,6,9,28,134,pharmaceutical
1916,1916,18,0,8,6,92,realestate
1917,1917,9,8,4,29,103,retail
1918,1918,1,25,2,25,201,realestate
1919,1919,14,14,4,17,191,retail
1920,1920,8,15,7,20,144,retail
1921,1921,6,0,6,26,63,realestate
1922,1922,5,27,1,6,118,realestate
1923,1923,9,11,0,1,66,pharmaceutical
1924,1924,12,0,7,12,88,pharmaceutical
1925,1925,17,21,7,9,197,retail
1926,1926,4,2,5,2,172,software
1927,1927,3,0,9,11,186,pharmaceutical
1928,1928,3,2,2,25,167,education
1929,1929,15,21,1,13,203,retail
1930,1930,19,20,5,21,79,software
1931,1931,7,4,9,3,166,realestate
1932,1932,10,24,3,3,131,realestate
1933,1933,5,19,1,29,103,retail
1934,1934,18,29,2,2,64,realestate
1935,1935,14,1,8,21,185,financial
1936,1936,2,2,2,21,203,software
1937,1937,12,9,0,21,95,pharmaceutical
1938,1938,1,28,7,18,217,education
1939,1939,8,18,4,10,159,education
1940,1940,1,13,0,4,156,retail
1941,1941,0,21,3,17,123,retail
1942,1942,6,4,8,19,48,realestate
1943,1943,15,25,0,2,186,pharmaceutical
1944,1944,7,26,4,4,143,realestate
1945,1945,14,12,9,22,188,realestate
1946,1946,4,3,5,8,160,retail
1947,1947,17,9,9,10,196,retail
1948,1948,12,21,6,5,84,pharmaceutical
1949,1949,14,22,4,23,191,retail
1950,1950,4,11,9,12,150,retail
1951,1951,10,0,8,18,136,education
1952,1952,14,1,1,1,180,pharmaceutical
1953,1953,7,9,9,6,154,retail
1954,1954,18,29,0,17,85,software
1955,1955,7,1,2,7,147,retail
1956,1956,10,26,5,23,119,financial
1957,1957,10,19,9,21,142,education
1958,1958,12,17,3,16,100,financial
1959,1959,0,15,4,16,120,retail
1960,1960,12,28,5,27,108,software
1961,1961,18,23,1,12,72,software
1962,1962,4,26,8,6,161,realestate
1963,1963,15,8,8,21,185,realestate
1964,1964,16,2,2,18,154,software
1965,1965,11,21,2,18,96,education
1966,1966,7,13,4,26,119,pharmaceutical
1967,1967,14,2,0,4,188,financial
1968,1968,4,23,0,21,184,retail
1969,1969,10,6,8,27,114,pharmaceutical
1970,1970,2,20,7,14,205,pharmaceutical
1971,1971,7,17,2,11,133,retail
1972,1972,16,14,3,26,155,education
1973,1973,5,0,1,20,124,software
1974,1974,4,25,3,2,155,realestate
1975,1975,11,10,5,18,139,realestate
1976,1976,17,9,0,11,196,realestate
1977,1977,12,23,5,11,98,financial
1978,1978,10,4,9,8,117,financial
1979,1979,2,1,7,22,205,retail
1980,1980,15,3,4,21,207,financial
1981,1981,14,22,2,12,196,realestate
1982,1982,8,16,8,15,168,education
1983,1983,11,19,2,23,117,retail
1984,1984,13,5,4,11,135,retail
1985,1985,19,12,3,24,108,education
1986,1986,8,1,7,11,122,education
1987,1987,5,22,1,18,95,realestate
1988,1988,7,1,4,2,132,financial
1989,1989,7,14,8,28,119,retail
1990,1990,18,29,5,26,73,realestate
1991,1991,15,19,7,5,212,education
1992,1992,11,23,2,15,97,software
1993,1993,0,23,1,20,119,education
1994,1994,10,14,7,3,118,realestate
1995,1995,13,1,4,26,141,software
1996,1996,17,24,6,3,197,retail
1997,1997,18,27,4,18,91,pharmaceutical
1998,1998,7,4,3,2,126,software
1999,1999,14,2,8,18,182,retail
